N,P,K,temperature,humidity,pH,rainfall,label,category
70.1,46.32,95.75,25.21,65.25,7.19,86.17,Avocado,Fruits
66.46,51.36,101.5,31.16,75.14,6.18,112.51,Orange,Fruits
40.44,37.04,31.2,25.56,55.4,6.06,124.77,Niger Seed,Oilseeds
62.86,37.74,71.71,33.31,76.86,6.59,84.96,Ridgegourd,Vegetables
62.32,52.83,91.14,20.79,86.41,5.87,82.77,Longan,Fruits
96.09,70.49,80.85,29.68,72.97,7.35,65.37,Cucumber,Vegetables
68.77,41.35,93.6,16.19,54.77,6.09,50.67,Leek,Vegetables
94.57,40.14,54.89,30.53,60.83,6.6,43.73,Sudan Grass,Fodder Crops
20.94,61.84,43.39,15.36,52.45,6.05,64.36,Field Pea,Pulses & Legumes
73.78,47.36,60.58,26.14,58.7,7.57,80.2,Muskmelon,Fruits
85.45,56.02,82.02,22.34,66.19,7.35,88.48,Apricot,Fruits
34.88,48.8,45.66,12.16,72.97,7.95,88.84,Berseem,Fodder Crops
117.16,55.49,80.32,27.42,53.67,7.23,78.18,Chilli,Spices & Herbs
64.96,43.38,98.82,35.06,87.86,6.2,176.45,Coconut,Fruits
122.28,38.99,78.64,22.55,54.18,6.8,66.42,Artichoke,Vegetables
158.24,63.91,109.97,33.73,65.08,7.99,104.31,Sugarcane,Cash Crops
48.37,45.29,35.94,17.76,41.41,6.11,42.77,Flax,Fiber Crops
104.33,71.85,115.86,12.36,60.45,6.11,81.78,Brussels Sprouts,Vegetables
81.36,62.85,54.55,25.95,41.72,7.2,52.16,Cotton,Cash Crops
153.05,81.83,207.64,27.97,75.22,6.9,153.39,Oil Palm,Plantation Crops
44.09,23.63,43.38,6.26,73.38,7.56,73.35,Gooseberry,Fruits
101.24,51.87,109.74,15.07,65.76,6.39,72.02,Brussels Sprouts,Vegetables
117.62,79.32,79.38,24.99,64.9,7.07,100.61,Brinjal,Vegetables
60.89,51.3,38.48,28.41,48.38,6.32,81.99,Dragon Fruit,Fruits
84.91,28.33,101.66,26.72,72.92,6.88,130.8,Orange,Fruits
61.55,71.09,57.06,14.41,78.14,6.35,83.63,Strawberry,Fruits
92.59,33.99,44.8,33.92,40.63,7.24,77.72,Sudan Grass,Fodder Crops
94.38,39.95,52.47,22.26,55.19,6.11,86.29,Hemp,Fiber Crops
74.13,43.11,30.09,10.21,63.01,5.29,69.11,Rye,Cereals & Grains
56.35,26.2,32.87,18.7,60.83,7.21,45.39,Amaranth,Cereals & Grains
83.35,29.55,68.78,19.29,90.63,6.42,194.59,Coffee,Cash Crops
93.52,49.09,95.94,32.29,69.7,7.14,100.28,Ginger,Cash Crops
57.11,62.14,64.67,26.33,80.23,6.63,95.42,Bitter Gourd,Vegetables
29.29,52.93,42.68,14.69,60.23,6.95,83.68,Chickpea,Pulses & Legumes
91.72,56.52,97.28,20.55,69.29,6.4,75.76,Kohlrabi,Vegetables
54.82,45.47,56.26,14.37,36.27,7.63,86.16,Olive,Fruits
63.29,58.5,64.67,19.68,57.61,6.33,75.67,Peach,Fruits
58.32,39.65,76.86,13.25,55.55,5.98,64.88,Endive,Vegetables
80.59,25.39,45.11,23.84,65.99,7.08,66.77,Amaranth,Cereals & Grains
55.06,25.94,40.59,15.57,38.36,8.11,47.05,Ajwain,Spices & Herbs
79.18,31.78,45.5,23.8,94.21,5.32,250.97,Tea,Cash Crops
70.08,69.2,60.71,19.03,60.82,7.14,75.26,Garlic,Vegetables
73.02,61.36,77.88,24.69,80.54,6.6,103.05,Litchi,Fruits
46.93,55.97,89.02,16.56,68.92,6.14,66.59,Cherry,Fruits
72.4,45.74,91.93,21.27,64.05,6.77,140.73,Longan,Fruits
80.91,49.59,44.74,21.54,72.54,7.11,123.36,Kenaf,Fiber Crops
42.64,29.05,32.68,35.42,71.87,6.64,136.23,Cinnamon,Cash Crops
68.59,43.42,58.95,28.57,57.4,6.6,81.49,Tobacco,Cash Crops
102.73,49.93,109.71,11.57,76.17,6.3,42.59,Broccoli,Vegetables
35.81,41.47,27.1,24.39,55.0,7.29,48.59,Sesame,Oilseeds
68.13,65.95,67.12,20.97,56.7,6.27,43.27,Leek,Vegetables
52.37,45.43,111.75,20.89,81.44,5.63,92.12,Sweet Potato,Vegetables
97.55,42.32,64.38,12.84,63.13,7.47,56.65,Kohlrabi,Vegetables
60.87,44.51,93.51,22.85,82.08,4.95,244.88,Mangosteen,Fruits
80.6,33.43,101.17,23.44,63.57,5.99,152.78,Passion Fruit,Fruits
60.33,38.32,30.39,23.14,70.79,5.49,290.89,Nutmeg,Cash Crops
85.05,38.61,45.88,32.89,66.61,6.11,94.36,Kenaf,Fiber Crops
74.49,45.08,49.5,23.03,89.56,4.53,161.3,Tea,Cash Crops
56.78,18.83,50.69,31.18,75.94,6.21,307.65,Nutmeg,Cash Crops
43.13,33.08,80.82,32.58,75.86,6.68,57.32,Guava,Fruits
69.24,30.79,60.35,17.5,66.21,7.26,41.94,Turnip,Vegetables
61.04,20.33,58.13,45.8,36.79,7.25,8.97,Date Palm,Plantation Crops
49.54,43.68,71.69,16.76,74.38,6.92,78.15,Gooseberry,Fruits
81.41,43.25,57.46,20.24,55.23,7.22,102.31,Mulberry,Fruits
78.88,67.33,70.31,22.49,64.88,7.57,81.78,Zucchini,Vegetables
31.19,20.11,63.31,32.64,30.93,8.92,12.78,Date Palm,Plantation Crops
25.23,35.34,40.54,26.81,35.06,8.19,60.74,Neem,Plantation Crops
81.13,56.14,122.27,22.97,77.98,6.83,218.23,Coconut,Fruits
96.53,58.48,133.72,15.23,74.11,6.61,101.51,Kiwi,Fruits
94.45,40.92,64.5,29.18,77.21,6.18,91.07,Napier Grass,Fodder Crops
90.22,54.59,89.51,26.59,78.29,5.98,52.76,Cucumber,Vegetables
67.19,36.45,84.15,24.84,62.09,7.54,80.1,Orange,Fruits
54.64,42.97,82.92,28.09,62.09,7.0,74.27,Sweet Potato,Vegetables
46.69,18.76,41.42,30.07,70.33,5.84,165.02,Nutmeg,Cash Crops
89.62,61.54,68.16,5.88,59.83,7.61,39.87,Kale,Vegetables
108.05,66.55,101.48,18.75,59.14,6.48,51.99,Cauliflower,Vegetables
41.27,20.42,77.48,11.71,72.02,4.67,93.36,Blueberry,Fruits
53.62,44.86,49.93,33.93,58.93,7.61,53.56,Fig,Fruits
21.13,52.43,52.87,15.93,54.49,6.51,70.66,Lentil,Pulses & Legumes
57.87,58.99,86.97,10.9,51.95,6.79,64.91,Carrot,Vegetables
58.82,37.05,25.55,16.72,70.86,6.45,59.05,Dill,Spices & Herbs
97.93,54.45,77.7,33.13,74.71,5.49,174.63,Colocasia,Vegetables
58.09,39.29,75.69,10.96,69.32,6.81,87.22,Parsnip,Vegetables
58.48,58.38,67.85,18.87,72.12,6.1,101.85,Orange,Fruits
123.57,54.9,85.29,26.11,55.4,6.82,81.11,Sweet Corn,Vegetables
94.23,71.36,107.51,15.46,68.56,6.49,46.35,Cauliflower,Vegetables
84.69,37.89,68.51,17.81,56.86,7.06,126.59,Apple,Fruits
44.48,32.3,76.05,33.73,41.9,6.06,95.62,Fig,Fruits
66.86,39.58,31.33,29.13,59.79,7.4,63.44,Amaranth,Cereals & Grains
73.67,37.41,40.89,15.45,66.02,7.3,82.47,Mustard,Oilseeds
113.66,75.01,80.56,19.42,70.47,5.98,90.83,Broccoli,Vegetables
75.23,41.16,80.53,15.32,72.46,6.03,126.96,Apple,Fruits
98.94,72.29,130.48,25.55,72.28,7.18,67.82,Kiwi,Fruits
24.82,33.89,54.64,20.03,63.14,6.32,67.46,Lima Bean,Pulses & Legumes
40.09,37.77,55.39,42.38,45.81,7.05,26.2,Date Palm,Plantation Crops
60.22,38.89,49.37,29.19,62.2,6.69,43.67,Sorghum,Cereals & Grains
62.6,26.58,26.31,15.3,48.53,6.79,53.28,Flax,Fiber Crops
21.28,59.0,50.24,15.11,59.93,7.35,81.65,Peas,Pulses & Legumes
90.94,63.64,69.04,26.15,49.97,7.17,80.87,Cotton,Cash Crops
121.72,42.08,158.19,33.47,76.09,5.45,145.48,Banana,Fruits
72.76,38.0,107.13,18.68,49.84,6.06,51.04,Carrot,Vegetables
84.45,48.49,78.88,17.38,72.18,6.79,86.8,Celery,Spices & Herbs
39.05,40.64,39.33,17.19,60.21,7.49,39.66,Fenugreek,Spices & Herbs
100.11,55.88,80.88,20.02,51.47,7.01,89.12,Maize,Cereals & Grains
68.64,31.18,109.29,31.86,73.7,6.27,97.11,Colocasia,Vegetables
26.26,53.04,52.84,19.46,62.59,6.56,38.94,Alfalfa,Fodder Crops
69.0,52.29,67.92,29.68,89.51,7.21,171.42,Turmeric,Cash Crops
53.11,41.54,85.95,21.97,55.31,5.71,96.33,Grapefruit,Fruits
28.3,56.38,35.09,26.96,54.38,5.94,99.43,Runner Bean,Pulses & Legumes
68.16,65.52,71.21,11.56,67.21,5.84,47.67,Strawberry,Fruits
65.41,36.87,56.42,26.03,80.65,6.43,168.42,Black Pepper,Cash Crops
61.05,40.17,76.03,16.38,55.05,7.2,110.6,Grapes,Fruits
70.38,30.26,94.05,31.62,62.24,6.07,76.46,Sweet Potato,Vegetables
111.03,77.87,94.22,12.11,59.33,6.98,87.65,Asparagus,Vegetables
45.0,23.52,59.74,34.31,48.19,7.14,34.31,Sisal,Fiber Crops
78.98,44.58,57.43,13.11,65.07,6.17,112.54,Plum,Fruits
80.31,49.47,105.06,27.22,84.68,5.52,154.24,Taro,Vegetables
56.14,46.72,45.52,22.97,61.27,7.06,80.05,Pomegranate,Fruits
65.51,39.81,68.1,32.74,78.8,6.87,143.86,Litchi,Fruits
28.29,21.52,57.78,32.37,73.02,6.38,250.95,Clove,Cash Crops
69.51,50.86,70.29,13.98,79.45,5.97,60.08,Raspberry,Fruits
98.71,41.45,27.61,26.17,42.33,6.57,51.76,Sudan Grass,Fodder Crops
31.23,28.23,33.82,32.46,46.81,7.96,48.33,Cluster Bean,Vegetables
21.86,47.12,47.51,22.28,57.91,6.74,59.58,Alfalfa,Fodder Crops
55.47,42.72,77.23,28.72,77.36,7.1,84.59,Sweet Potato,Vegetables
85.03,53.45,57.75,28.01,50.56,6.4,67.38,Hemp,Fiber Crops
74.6,39.4,48.03,22.35,50.28,5.98,36.96,Sorghum,Cereals & Grains
70.36,36.8,79.58,13.9,77.11,5.78,94.3,Raspberry,Fruits
30.61,48.26,49.62,15.67,56.45,6.77,36.86,Field Pea,Pulses & Legumes
32.53,36.96,44.0,37.76,39.06,7.33,44.29,Tamarind,Plantation Crops
78.88,44.02,102.9,7.52,65.75,6.48,57.63,Celery Root,Vegetables
38.93,35.77,36.64,29.23,73.9,5.67,202.05,Cinnamon,Cash Crops
29.23,39.21,70.95,22.95,52.06,7.38,56.93,Alfalfa,Fodder Crops
113.12,51.94,133.53,21.88,74.89,5.62,115.14,Banana,Fruits
93.47,38.31,45.23,23.55,58.54,7.07,78.96,Kenaf,Fiber Crops
68.86,48.42,90.23,12.76,68.31,7.59,66.86,Beetroot,Vegetables
84.99,54.71,116.05,33.75,78.68,5.9,116.44,Yam,Vegetables
89.53,55.94,55.86,24.45,62.6,6.07,88.32,Hemp,Fiber Crops
75.56,43.34,91.51,25.36,58.68,7.21,65.75,Mango,Fruits
63.79,54.78,72.66,23.38,86.95,7.66,145.79,Ginger,Cash Crops
34.71,53.4,54.35,29.88,56.68,7.29,74.35,Chickpea,Pulses & Legumes
77.04,51.81,60.71,21.88,43.43,6.52,43.87,Pomegranate,Fruits
78.28,41.81,60.35,34.57,63.71,6.75,98.23,Muskmelon,Fruits
65.3,31.52,33.83,19.14,55.92,5.9,57.51,Safflower,Oilseeds
53.89,32.88,55.3,18.07,78.84,6.9,95.81,Mulberry,Fruits
41.43,57.87,81.63,28.2,64.77,6.86,102.93,Soybean,Pulses & Legumes
28.8,49.7,49.63,24.66,63.09,6.05,47.21,Runner Bean,Pulses & Legumes
52.2,25.05,94.57,29.21,60.78,5.93,116.52,Sweet Potato,Vegetables
44.2,38.06,77.11,22.56,72.36,4.73,90.06,Blueberry,Fruits
38.83,34.86,26.43,30.14,74.16,7.3,72.64,Niger Seed,Oilseeds
45.54,45.26,59.57,37.37,42.48,8.65,34.93,Date Palm,Plantation Crops
105.17,43.51,101.81,23.85,55.41,7.37,66.94,Artichoke,Vegetables
52.47,62.0,72.8,28.51,81.0,5.97,81.35,Bitter Gourd,Vegetables
38.85,29.94,37.61,19.03,96.53,7.15,182.96,Vanilla,Cash Crops
22.34,40.23,38.6,28.86,54.98,7.45,67.74,Pigeon Pea,Pulses & Legumes
53.5,32.02,89.8,22.7,84.74,6.84,136.83,Mangosteen,Fruits
99.83,78.05,100.96,14.48,60.2,7.57,67.4,Brussels Sprouts,Vegetables
123.48,98.0,131.16,16.22,61.01,5.87,55.43,Potato,Vegetables
51.27,42.78,64.28,25.43,72.31,6.35,69.02,Pumpkin,Vegetables
82.62,43.84,122.73,10.47,67.66,7.19,46.94,Beetroot,Vegetables
76.01,39.22,47.1,27.91,58.66,6.23,74.8,Kenaf,Fiber Crops
61.27,41.8,45.83,14.65,91.59,5.0,158.45,Tea,Cash Crops
107.95,74.95,68.69,24.84,56.86,6.04,89.76,Brinjal,Vegetables
78.32,42.62,118.31,35.73,89.65,7.01,135.61,Coconut,Fruits
78.85,55.05,67.92,25.86,60.58,7.56,83.86,Orange,Fruits
99.87,44.63,73.42,10.52,74.45,7.46,82.2,Celery,Spices & Herbs
82.56,46.84,33.73,38.37,40.02,5.59,73.89,Sudan Grass,Fodder Crops
121.25,58.69,86.49,17.94,53.12,6.28,103.78,Sweet Corn,Vegetables
37.05,20.64,43.54,34.92,80.63,4.49,176.59,Rubber,Cash Crops
100.16,48.15,202.97,28.3,83.53,7.14,152.73,Oil Palm,Plantation Crops
67.9,34.44,80.16,10.91,53.92,6.82,54.65,Endive,Vegetables
86.66,58.35,28.91,12.35,60.22,6.11,57.85,Mustard,Oilseeds
87.41,36.81,90.4,21.17,78.92,6.41,144.26,Coffee,Cash Crops
75.33,41.53,71.83,9.86,80.27,5.6,70.13,Strawberry,Fruits
41.36,53.2,43.04,38.9,48.02,7.26,51.63,Pomegranate,Fruits
44.99,46.87,57.16,28.76,85.12,6.58,154.85,Cinnamon,Cash Crops
99.31,55.34,50.07,25.74,72.95,7.43,92.57,Kenaf,Fiber Crops
48.7,40.48,99.25,12.38,55.7,6.53,55.39,Turnip,Vegetables
42.05,38.19,46.86,28.86,74.78,4.92,42.16,Moringa,Plantation Crops
24.77,31.55,35.8,29.96,65.29,7.76,23.18,Neem,Plantation Crops
99.76,63.88,63.15,7.04,62.26,6.84,38.45,Kale,Vegetables
82.87,50.49,57.15,9.35,54.22,6.35,50.38,Canola,Oilseeds
65.03,43.51,83.06,31.77,70.9,6.6,199.49,Jackfruit,Fruits
105.55,68.92,48.66,27.76,55.87,6.19,85.86,Cotton,Cash Crops
77.72,35.7,96.35,9.53,76.48,5.75,98.61,Raspberry,Fruits
93.17,56.9,108.36,12.41,54.87,6.48,64.2,Broccoli,Vegetables
30.34,52.81,30.88,34.3,56.55,7.61,56.8,Cowpea,Pulses & Legumes
59.91,52.36,101.81,17.93,69.75,6.24,83.44,Parsnip,Vegetables
123.41,74.9,85.7,19.69,50.65,6.3,80.57,Maize,Cereals & Grains
76.79,39.45,74.36,35.36,67.6,7.23,57.72,Bitter Gourd,Vegetables
66.21,54.74,83.93,23.6,48.32,6.42,87.41,Mango,Fruits
104.09,47.64,94.18,20.68,63.23,7.44,44.09,Kale,Vegetables
30.64,40.8,66.98,10.36,56.21,6.0,82.47,Peas,Pulses & Legumes
95.61,75.09,93.99,14.59,68.09,7.38,40.1,Broccoli,Vegetables
127.32,54.56,71.6,25.74,58.91,6.77,66.47,Sweet Corn,Vegetables
81.42,53.78,106.89,26.69,84.77,6.21,113.26,Arecanut,Plantation Crops
48.93,40.59,61.38,31.06,84.13,6.72,158.89,Litchi,Fruits
96.13,59.84,54.93,14.71,50.12,7.54,64.01,Canola,Oilseeds
149.55,63.02,87.57,24.7,49.57,7.1,104.49,Maize,Cereals & Grains
47.16,34.47,41.46,31.37,69.79,6.66,181.46,Cinnamon,Cash Crops
88.96,41.87,32.34,5.24,60.36,6.31,52.35,Rye,Cereals & Grains
102.33,53.94,86.82,31.77,72.0,6.6,86.49,Cucumber,Vegetables
48.7,59.54,112.97,35.38,78.42,6.98,237.35,Arecanut,Plantation Crops
108.42,58.95,95.38,16.36,65.74,6.84,79.87,Leek,Vegetables
87.76,52.13,91.5,26.96,65.03,7.35,167.19,Avocado,Fruits
46.5,28.99,23.38,14.24,57.85,8.23,31.89,Cumin,Spices & Herbs
57.66,52.64,87.5,20.49,70.39,6.16,259.31,Coffee,Cash Crops
97.08,72.08,87.62,25.07,53.34,7.04,99.05,Sweet Corn,Vegetables
52.4,39.13,54.06,17.89,64.49,6.67,78.2,Radish,Vegetables
32.73,22.69,45.62,38.0,28.96,8.06,74.64,Neem,Plantation Crops
120.3,72.83,82.04,18.59,63.13,7.21,87.26,Cauliflower,Vegetables
78.41,30.57,117.12,27.94,83.97,5.38,122.76,Pineapple,Fruits
64.07,35.72,38.27,27.42,56.07,7.1,49.37,Amaranth,Cereals & Grains
28.05,56.64,39.85,16.17,57.98,6.62,90.09,Runner Bean,Pulses & Legumes
29.1,44.29,24.32,16.83,71.33,7.41,123.54,Pigeon Pea,Pulses & Legumes
57.98,54.62,69.5,24.28,61.26,6.51,72.85,Pomegranate,Fruits
113.39,114.65,117.36,18.42,76.13,5.82,92.21,Potato,Vegetables
75.97,38.86,37.82,29.01,74.6,7.05,104.12,Guava,Fruits
37.85,69.46,79.04,28.04,65.57,6.65,95.54,Soybean,Pulses & Legumes
79.21,38.47,52.75,18.92,61.98,6.53,46.26,Endive,Vegetables
57.4,57.91,57.53,18.8,65.1,6.17,80.71,Plum,Fruits
62.34,36.89,81.7,30.83,77.47,6.73,218.34,Arecanut,Plantation Crops
51.01,42.12,28.02,22.53,41.42,6.37,75.71,Cashew,Plantation Crops
73.27,56.76,49.14,22.85,69.12,6.58,70.69,Spinach,Vegetables
73.48,41.99,43.89,18.86,62.21,7.04,78.16,Rye,Cereals & Grains
64.11,51.73,77.26,32.96,58.64,7.07,95.18,Pumpkin,Vegetables
51.04,51.56,42.71,31.48,75.51,7.55,72.46,Guava,Fruits
47.8,25.55,60.17,34.99,68.15,6.15,57.29,Fig,Fruits
32.23,54.13,50.01,16.86,51.05,6.12,56.51,Faba Bean,Pulses & Legumes
15.78,45.47,41.21,26.48,64.69,6.69,48.63,Lima Bean,Pulses & Legumes
73.3,40.91,73.99,9.68,78.17,6.19,55.89,Strawberry,Fruits
53.32,52.55,80.28,22.57,82.57,6.21,199.91,Jackfruit,Fruits
18.03,50.08,48.19,19.93,60.6,6.31,65.32,Runner Bean,Pulses & Legumes
78.87,56.23,65.12,26.18,64.81,6.06,61.41,Swiss Chard,Vegetables
41.46,41.72,56.14,24.35,56.75,6.36,66.31,Chickpea,Pulses & Legumes
49.75,33.28,27.67,38.76,43.55,7.01,26.88,Millet,Cereals & Grains
79.95,38.46,41.05,36.19,53.56,5.42,52.1,Millet,Cereals & Grains
111.16,61.6,65.76,22.06,73.44,5.48,75.23,Brinjal,Vegetables
63.3,43.62,35.63,34.33,70.17,6.01,112.41,Jute,Cash Crops
45.78,27.36,36.59,15.63,48.17,7.0,56.11,Cumin,Spices & Herbs
68.81,37.93,80.42,13.47,60.39,7.03,109.75,Cherry,Fruits
59.35,24.73,41.69,24.54,65.95,6.1,49.5,Coriander,Spices & Herbs
123.4,73.41,222.39,22.14,88.1,6.69,192.37,Oil Palm,Plantation Crops
42.05,26.06,41.52,19.36,56.3,7.38,67.76,Fennel,Spices & Herbs
72.25,80.9,57.51,30.09,75.72,6.08,103.98,Capsicum,Vegetables
74.93,49.67,124.4,31.23,69.93,6.6,176.68,Taro,Vegetables
86.78,62.33,60.19,22.77,43.23,6.25,111.16,Sunflower,Oilseeds
28.22,32.14,51.75,18.86,48.78,7.21,48.88,Fenugreek,Spices & Herbs
69.0,53.18,68.9,26.61,72.58,7.19,69.03,Mandarin,Fruits
88.66,57.53,81.03,22.48,80.86,6.41,105.58,Yam,Vegetables
76.74,45.08,140.78,27.75,83.68,7.57,111.43,Coconut,Fruits
93.53,75.9,70.92,30.34,59.42,7.07,81.84,Sunflower,Oilseeds
38.68,48.62,30.6,27.85,75.16,6.09,100.77,Black Gram,Pulses & Legumes
120.16,50.0,120.13,9.57,62.89,7.22,80.42,Cauliflower,Vegetables
46.41,25.9,43.08,32.45,84.58,5.69,241.98,Nutmeg,Cash Crops
60.38,49.99,66.61,19.37,76.8,6.63,127.44,Coffee,Cash Crops
75.4,34.99,49.21,32.22,66.24,6.23,49.19,Sudan Grass,Fodder Crops
64.09,36.4,80.45,20.69,66.71,6.14,60.91,Endive,Vegetables
79.61,37.92,75.2,22.94,67.73,7.04,81.76,Pumpkin,Vegetables
83.56,30.28,102.4,26.39,79.99,6.37,134.65,Colocasia,Vegetables
42.9,16.33,33.93,21.89,39.32,6.6,62.38,Teff,Cereals & Grains
51.31,26.76,23.74,35.95,28.95,7.84,37.53,Neem,Plantation Crops
49.62,39.32,32.47,24.3,66.42,7.02,69.25,Tamarind,Plantation Crops
61.22,34.33,64.39,25.99,90.7,5.9,218.17,Cardamom,Cash Crops
80.33,28.9,44.87,27.07,82.09,7.94,192.78,Jute,Cash Crops
49.31,25.69,81.66,21.03,62.74,4.2,98.26,Blueberry,Fruits
92.16,38.2,85.9,27.83,72.1,7.46,52.21,Pumpkin,Vegetables
52.62,30.6,36.24,28.5,55.11,7.6,99.91,Niger Seed,Oilseeds
77.67,46.88,115.86,21.3,65.11,6.3,126.21,Pineapple,Fruits
39.07,36.99,59.2,25.89,90.95,6.92,289.17,Black Pepper,Cash Crops
19.45,56.24,50.93,26.51,74.74,6.02,94.98,Runner Bean,Pulses & Legumes
60.91,55.92,113.26,21.83,71.43,7.39,38.02,Beetroot,Vegetables
59.34,28.29,96.68,18.24,65.45,7.35,117.88,Lemon,Fruits
129.5,110.27,129.84,11.41,67.99,5.89,94.79,Potato,Vegetables
89.67,63.22,90.86,12.4,59.76,6.46,85.39,Kiwi,Fruits
73.1,60.61,58.29,26.06,67.15,7.46,49.8,Zucchini,Vegetables
103.31,55.72,73.32,18.55,59.38,7.61,66.08,Celery,Spices & Herbs
95.1,52.2,60.47,26.99,54.54,6.57,60.93,Chilli,Spices & Herbs
108.45,44.11,114.68,34.28,69.2,6.46,120.51,Banana,Fruits
66.1,67.18,64.53,10.77,44.36,5.91,106.51,Apricot,Fruits
61.1,30.55,78.96,34.61,81.09,6.88,65.84,Bottle Gourd,Vegetables
80.78,30.21,49.79,25.12,61.23,6.92,101.26,Castor,Oilseeds
81.23,37.62,89.54,24.0,61.43,7.13,149.0,Papaya,Fruits
59.25,55.98,77.51,35.65,61.56,6.44,110.94,Ridgegourd,Vegetables
88.97,68.83,65.72,14.88,61.35,6.27,82.19,Onion,Vegetables
90.65,53.22,52.53,11.46,60.11,6.82,89.39,Wheat,Cereals & Grains
58.32,56.97,86.72,21.26,69.78,6.74,53.8,Zucchini,Vegetables
66.03,33.93,97.46,30.19,73.92,5.86,121.19,Mandarin,Fruits
52.95,37.38,96.6,17.36,75.99,5.25,240.97,Cocoa,Plantation Crops
21.26,51.15,45.06,10.36,53.3,7.38,57.71,Faba Bean,Pulses & Legumes
26.36,55.53,49.46,18.22,54.62,6.1,81.83,Lima Bean,Pulses & Legumes
92.9,54.41,89.8,27.6,83.19,5.75,215.78,Arecanut,Plantation Crops
20.73,33.5,31.54,36.75,53.42,6.88,73.22,Cowpea,Pulses & Legumes
78.77,77.16,70.75,26.89,72.09,7.47,78.62,Capsicum,Vegetables
75.06,42.99,56.59,4.91,76.66,6.99,134.76,Pear,Fruits
60.46,40.93,66.76,27.97,49.56,6.35,49.58,Watermelon,Fruits
97.04,33.54,95.33,24.17,86.84,6.81,137.03,Coffee,Cash Crops
25.53,40.89,52.2,23.8,63.66,6.24,89.79,Lima Bean,Pulses & Legumes
105.14,66.64,70.9,13.53,64.15,5.93,36.14,Kale,Vegetables
69.44,57.46,73.65,14.96,52.16,5.99,107.34,Apricot,Fruits
70.02,62.79,67.7,11.73,49.57,7.37,64.76,Peach,Fruits
19.78,39.97,30.11,26.8,35.18,6.36,32.89,Moth Bean,Pulses & Legumes
31.19,47.3,39.79,27.64,73.5,7.38,62.02,Green Gram,Pulses & Legumes
51.32,38.2,80.62,25.97,72.79,7.28,75.11,Ridgegourd,Vegetables
72.09,53.63,60.34,20.44,74.82,6.71,54.07,Leek,Vegetables
65.9,54.04,73.2,17.06,60.08,7.23,77.71,Mint,Spices & Herbs
52.21,39.99,37.01,36.99,51.51,5.84,54.17,Millet,Cereals & Grains
29.59,49.62,44.29,24.87,60.99,6.18,69.5,Fenugreek,Spices & Herbs
74.8,29.06,43.62,4.04,65.82,6.63,41.75,Rye,Cereals & Grains
22.07,62.97,59.63,27.22,73.22,6.62,72.61,Soybean,Pulses & Legumes
15.1,35.34,45.64,9.95,44.78,6.98,57.24,Field Pea,Pulses & Legumes
101.83,32.54,50.73,8.42,50.91,6.14,79.43,Oats,Cereals & Grains
49.88,45.05,67.64,33.04,38.3,8.94,27.6,Date Palm,Plantation Crops
95.69,57.84,69.72,21.21,66.9,6.35,81.79,Swiss Chard,Vegetables
80.98,71.78,78.74,28.53,75.64,6.09,164.98,Ginger,Cash Crops
79.72,44.32,61.49,18.78,53.53,6.48,73.8,Grapes,Fruits
82.93,59.67,97.4,14.68,60.16,5.99,86.56,Brussels Sprouts,Vegetables
50.27,47.26,57.98,35.68,69.57,5.77,166.62,Litchi,Fruits
73.7,23.68,18.95,26.87,37.52,6.88,61.46,Millet,Cereals & Grains
27.11,34.01,34.26,37.08,49.03,5.68,88.23,Cowpea,Pulses & Legumes
35.68,49.31,68.7,25.95,79.38,6.38,110.8,Soybean,Pulses & Legumes
61.34,26.13,28.68,38.98,51.17,7.29,59.12,Sisal,Fiber Crops
29.2,37.19,65.89,21.84,61.58,7.67,74.27,Berseem,Fodder Crops
80.53,47.22,59.65,22.69,77.32,4.96,310.32,Cocoa,Plantation Crops
65.91,28.08,45.6,15.51,58.17,6.98,78.07,Linseed,Oilseeds
25.09,60.42,29.26,19.94,58.51,6.79,53.05,Field Pea,Pulses & Legumes
42.0,32.41,35.87,29.11,60.57,5.84,43.53,Sisal,Fiber Crops
54.08,63.23,113.49,16.94,65.97,6.12,76.53,Carrot,Vegetables
43.21,18.52,20.24,27.82,52.77,6.61,51.73,Sesame,Oilseeds
63.09,30.55,47.78,30.61,42.27,6.65,34.81,Safflower,Oilseeds
114.14,61.44,47.95,5.07,44.79,6.64,64.09,Canola,Oilseeds
38.58,33.54,34.85,33.44,56.19,7.4,46.51,Sisal,Fiber Crops
108.37,61.73,122.04,22.52,71.84,6.31,100.37,Tomato,Vegetables
60.37,21.98,33.68,27.07,67.44,7.29,94.43,Niger Seed,Oilseeds
91.85,43.26,90.79,19.85,67.79,6.75,44.43,Celery Root,Vegetables
85.3,56.65,69.02,23.51,53.04,6.52,70.62,Tobacco,Cash Crops
78.94,34.74,52.91,17.49,93.74,4.89,170.89,Tea,Cash Crops
67.82,64.89,93.87,20.54,73.82,7.49,123.26,Avocado,Fruits
83.67,40.98,45.75,7.81,51.95,6.75,75.91,Barley,Cereals & Grains
62.92,57.56,108.97,26.47,79.24,6.71,151.9,Yam,Vegetables
77.4,51.88,70.28,23.68,57.78,6.0,84.78,Swiss Chard,Vegetables
81.14,35.87,43.06,11.51,59.71,6.66,66.97,Mustard,Oilseeds
32.13,42.31,50.41,26.91,64.11,8.2,38.17,Cluster Bean,Vegetables
79.15,74.82,117.74,26.15,64.32,6.54,96.11,Tomato,Vegetables
19.18,42.85,33.18,29.15,66.54,6.38,54.23,Lima Bean,Pulses & Legumes
66.48,49.54,49.71,28.37,79.81,6.75,164.56,Vanilla,Cash Crops
68.84,32.95,20.76,17.24,62.66,7.54,33.02,Quinoa,Cereals & Grains
43.55,37.66,58.02,23.48,60.72,7.98,37.77,Tamarind,Plantation Crops
52.17,55.76,95.41,15.21,69.76,6.45,81.0,Raspberry,Fruits
78.48,28.75,61.31,24.22,64.43,6.91,121.4,Mulberry,Fruits
45.88,40.08,36.8,14.75,40.3,6.92,45.19,Flax,Fiber Crops
54.36,28.68,32.56,17.24,60.79,6.36,82.01,Amaranth,Cereals & Grains
84.49,31.85,97.03,30.81,62.41,7.45,86.31,Orange,Fruits
58.0,54.54,90.51,32.78,65.96,5.48,115.27,Longan,Fruits
78.99,70.87,95.51,12.02,68.57,7.43,60.2,Kale,Vegetables
42.55,28.89,54.08,30.96,38.78,7.36,70.04,Pomegranate,Fruits
19.23,39.99,33.04,34.8,76.93,6.97,98.11,Pigeon Pea,Pulses & Legumes
53.11,29.07,57.88,24.93,66.95,5.98,102.84,Castor,Oilseeds
32.48,59.86,69.75,27.68,74.12,7.13,101.08,Soybean,Pulses & Legumes
56.67,44.07,91.44,32.15,76.97,7.05,204.14,Mangosteen,Fruits
123.6,40.1,86.76,34.01,64.82,6.84,110.19,Napier Grass,Fodder Crops
58.92,34.42,61.26,37.35,65.44,5.93,101.55,Cashew,Plantation Crops
36.39,39.41,35.68,31.59,77.22,6.05,101.39,Black Gram,Pulses & Legumes
152.2,79.84,87.13,19.36,59.67,6.0,79.26,Maize,Cereals & Grains
86.03,50.9,75.92,18.35,60.3,6.63,35.82,Lettuce,Vegetables
82.02,56.96,41.69,32.65,76.89,6.36,226.04,Jute,Cash Crops
61.6,41.71,75.79,8.75,73.1,6.67,66.75,Lettuce,Vegetables
125.23,61.17,129.02,35.48,80.32,6.71,202.14,Sugarcane,Cash Crops
47.24,43.56,75.0,23.93,71.6,6.86,95.76,Pumpkin,Vegetables
14.0,33.43,50.91,12.35,45.91,6.18,34.23,Field Pea,Pulses & Legumes
60.68,36.5,52.24,22.95,71.97,5.64,121.33,Cashew,Plantation Crops
38.49,43.89,51.44,36.25,64.18,6.19,94.57,Fig,Fruits
87.95,43.39,119.68,16.95,65.02,7.57,84.68,Celery Root,Vegetables
61.98,62.56,61.1,21.77,48.52,6.84,74.91,Garlic,Vegetables
68.75,50.47,80.02,22.68,86.02,6.27,131.6,Jackfruit,Fruits
54.57,42.08,85.06,14.45,45.99,6.13,87.56,Grapes,Fruits
18.43,47.06,52.62,34.93,41.01,7.8,37.85,Cluster Bean,Vegetables
28.08,26.25,38.15,18.6,77.91,6.24,83.62,Gooseberry,Fruits
25.21,27.51,36.33,32.4,49.88,7.1,33.22,Moth Bean,Pulses & Legumes
56.09,46.84,75.32,21.6,61.27,6.43,105.01,Peach,Fruits
104.57,108.39,97.83,22.24,55.95,4.7,64.19,Potato,Vegetables
65.76,31.81,83.33,21.67,71.96,5.7,258.35,Mangosteen,Fruits
113.92,80.5,114.33,18.11,54.92,7.43,62.56,Brussels Sprouts,Vegetables
53.34,53.8,63.07,22.49,48.96,6.21,86.44,Watermelon,Fruits
113.83,66.18,77.79,14.59,66.36,5.9,79.6,Artichoke,Vegetables
71.42,55.47,89.31,34.37,53.67,5.97,60.46,Mango,Fruits
56.6,37.01,63.0,19.01,73.26,5.91,79.81,Basil,Spices & Herbs
89.63,50.12,85.88,29.66,76.0,5.8,104.01,Mandarin,Fruits
79.3,49.44,99.06,10.47,56.99,6.26,46.93,Kohlrabi,Vegetables
116.83,56.55,128.93,34.72,80.06,6.06,112.86,Banana,Fruits
59.83,56.35,78.03,8.26,70.29,6.65,83.21,Endive,Vegetables
49.56,36.44,47.23,27.27,83.24,5.92,198.41,Nutmeg,Cash Crops
41.99,53.16,100.09,25.36,72.04,7.54,120.04,Lemon,Fruits
74.52,57.7,76.48,18.41,75.88,7.1,184.72,Passion Fruit,Fruits
64.84,79.34,72.68,16.63,66.31,7.13,64.98,Onion,Vegetables
71.35,42.46,40.27,10.5,61.78,5.82,78.4,Oats,Cereals & Grains
81.07,54.85,117.8,23.48,71.34,6.74,123.18,Taro,Vegetables
73.03,43.29,98.3,16.83,67.98,5.88,105.79,Apple,Fruits
79.38,43.69,88.3,13.49,69.74,7.62,50.22,Garlic,Vegetables
84.96,74.94,99.31,10.66,69.17,7.26,70.38,Asparagus,Vegetables
96.1,66.71,98.65,16.52,68.81,6.26,50.35,Cabbage,Vegetables
33.5,23.41,28.08,25.0,40.98,8.33,59.33,Cumin,Spices & Herbs
57.09,35.76,54.66,21.01,56.97,4.82,47.69,Moringa,Plantation Crops
101.61,50.48,47.97,11.08,65.25,6.78,61.7,Spinach,Vegetables
123.1,80.21,76.14,25.59,66.24,6.31,88.83,Sweet Corn,Vegetables
109.52,34.41,78.42,25.73,74.54,7.45,101.86,Napier Grass,Fodder Crops
21.66,24.72,37.7,25.14,53.06,7.32,39.0,Moth Bean,Pulses & Legumes
47.08,33.25,38.34,17.82,43.62,7.93,25.08,Cumin,Spices & Herbs
23.86,27.5,50.67,34.95,58.97,7.15,21.27,Neem,Plantation Crops
69.43,29.79,73.94,17.7,54.0,6.96,70.34,Tobacco,Cash Crops
90.22,75.99,83.06,23.48,67.27,6.55,64.6,Brinjal,Vegetables
37.27,51.16,28.95,24.27,57.37,7.57,69.44,Green Gram,Pulses & Legumes
58.54,61.06,68.03,32.3,74.93,6.57,60.46,Bitter Gourd,Vegetables
67.64,36.04,60.69,33.27,67.52,6.08,88.7,Ridgegourd,Vegetables
54.68,51.55,69.48,22.94,77.66,6.18,147.42,Black Pepper,Cash Crops
32.05,44.18,75.85,15.38,65.26,3.96,55.48,Blueberry,Fruits
87.58,80.57,106.71,11.98,61.35,7.0,54.93,Brussels Sprouts,Vegetables
62.35,55.44,83.49,20.81,57.18,5.98,54.54,Kohlrabi,Vegetables
115.09,38.59,39.18,14.96,56.78,7.01,80.48,Canola,Oilseeds
98.08,53.56,92.74,21.38,62.4,7.34,73.0,Asparagus,Vegetables
16.73,47.8,36.31,21.65,74.42,6.33,88.19,Runner Bean,Pulses & Legumes
32.6,28.36,32.66,27.59,43.06,6.88,25.68,Sesame,Oilseeds
71.94,29.79,107.21,28.84,58.43,6.21,64.44,Sweet Potato,Vegetables
142.21,59.53,101.12,21.03,79.02,7.08,166.41,Sugarcane,Cash Crops
77.53,54.77,61.11,19.51,67.27,6.6,48.82,Brinjal,Vegetables
41.31,49.69,61.12,28.27,84.48,6.61,232.22,Black Pepper,Cash Crops
46.38,41.34,42.98,25.44,74.43,5.91,138.02,Nutmeg,Cash Crops
97.71,54.73,68.36,28.36,60.49,6.28,92.17,Papaya,Fruits
49.57,34.58,57.14,22.03,72.16,5.78,193.14,Clove,Cash Crops
48.12,29.18,32.56,10.39,38.83,8.27,36.55,Quinoa,Cereals & Grains
75.18,43.75,82.78,23.96,66.76,5.43,66.29,Lemon,Fruits
42.71,25.55,39.26,35.97,52.96,6.94,30.73,Millet,Cereals & Grains
62.03,44.99,110.45,28.93,86.08,7.1,150.23,Yam,Vegetables
86.27,58.71,48.48,16.3,60.43,7.38,92.57,Canola,Oilseeds
94.57,41.17,97.08,25.78,78.46,7.17,141.4,Avocado,Fruits
76.74,61.03,54.13,35.19,59.47,5.09,66.2,Guava,Fruits
101.73,66.0,110.57,11.78,53.48,5.92,53.31,Cauliflower,Vegetables
67.66,29.32,26.27,23.5,52.41,6.17,52.01,Coriander,Spices & Herbs
57.16,43.59,53.45,15.41,65.63,6.81,57.31,Radish,Vegetables
74.69,31.15,33.87,24.17,85.1,4.91,164.02,Tea,Cash Crops
67.28,55.16,84.16,29.42,68.92,6.62,111.47,Pineapple,Fruits
45.97,20.98,25.08,28.5,34.51,6.31,54.43,Sesame,Oilseeds
47.92,30.4,39.1,31.15,52.49,6.15,64.71,Dragon Fruit,Fruits
44.72,22.17,72.47,31.81,36.66,8.96,32.5,Date Palm,Plantation Crops
20.68,50.38,33.22,21.24,58.3,6.08,60.82,Lima Bean,Pulses & Legumes
66.29,30.8,67.06,19.67,71.1,6.51,105.61,Passion Fruit,Fruits
54.88,32.22,35.25,22.0,49.98,6.76,70.12,Dragon Fruit,Fruits
49.52,31.05,39.25,25.39,81.4,7.0,182.84,Clove,Cash Crops
99.36,39.55,92.27,24.27,78.04,7.27,103.21,Papaya,Fruits
66.91,42.2,52.48,13.42,58.86,5.98,48.46,Radish,Vegetables
63.11,41.22,45.37,19.27,47.64,5.96,62.67,Linseed,Oilseeds
40.03,22.6,56.41,34.15,33.71,5.98,58.07,Olive,Fruits
96.99,46.29,72.36,33.45,71.07,7.06,74.39,Okra,Vegetables
61.43,42.18,80.6,22.33,58.78,6.2,97.36,Watermelon,Fruits
41.82,32.57,35.54,24.7,43.84,8.32,42.15,Ajwain,Spices & Herbs
72.4,27.48,50.62,11.77,49.57,5.42,76.16,Rye,Cereals & Grains
62.7,63.97,66.79,9.94,75.49,7.48,83.28,Plum,Fruits
81.02,38.74,29.26,20.35,78.72,5.35,275.38,Tea,Cash Crops
44.42,29.78,82.03,22.97,71.6,7.45,59.22,Persimmon,Fruits
106.95,48.56,50.41,10.91,44.52,6.47,76.15,Wheat,Cereals & Grains
31.21,40.56,41.42,34.68,61.38,6.08,94.26,Green Gram,Pulses & Legumes
25.8,16.41,36.05,22.62,41.89,8.11,52.3,Neem,Plantation Crops
59.85,30.7,43.51,32.93,36.46,6.11,69.55,Olive,Fruits
79.02,56.04,84.84,19.89,74.63,6.84,90.98,Capsicum,Vegetables
59.97,29.05,37.25,27.38,45.32,7.7,29.62,Fennel,Spices & Herbs
43.13,36.59,94.08,27.58,53.1,7.32,122.28,Lemon,Fruits
77.52,55.34,53.0,14.36,63.07,6.54,101.07,Cherry,Fruits
85.38,37.26,93.97,28.67,73.11,6.79,154.22,Taro,Vegetables
24.19,28.62,50.82,27.63,41.98,6.65,39.98,Cowpea,Pulses & Legumes
79.16,58.49,93.06,24.67,67.98,5.9,76.29,Longan,Fruits
20.68,53.1,38.64,25.39,68.13,7.42,57.6,Pigeon Pea,Pulses & Legumes
35.06,45.33,43.79,20.73,59.48,7.76,30.11,Lentil,Pulses & Legumes
79.16,40.82,71.58,17.22,74.28,6.12,60.16,Endive,Vegetables
52.09,36.3,60.27,6.97,59.5,6.79,75.01,Cherry,Fruits
43.56,28.29,84.21,28.23,55.46,6.43,123.54,Persimmon,Fruits
92.63,34.58,76.65,21.53,88.09,6.86,192.85,Litchi,Fruits
64.1,50.69,30.26,9.9,52.2,7.05,43.68,Barley,Cereals & Grains
89.91,44.23,125.99,22.75,65.08,6.74,75.68,Kiwi,Fruits
91.79,56.51,92.21,28.83,69.31,7.18,77.43,Mandarin,Fruits
60.64,42.72,81.75,16.57,57.8,7.43,124.48,Plum,Fruits
49.22,30.19,79.81,34.52,71.47,5.94,109.87,Bitter Gourd,Vegetables
46.81,31.75,31.71,17.31,62.82,5.92,69.31,Fenugreek,Spices & Herbs
35.51,24.97,27.43,25.6,69.38,5.95,54.7,Dill,Spices & Herbs
91.99,77.7,91.31,27.66,64.96,6.52,79.94,Tomato,Vegetables
91.13,40.65,52.36,22.99,85.4,7.88,179.4,Jute,Cash Crops
57.01,35.36,24.63,18.62,62.09,6.05,77.13,Quinoa,Cereals & Grains
103.04,50.28,48.61,27.42,38.14,6.01,60.62,Cotton,Cash Crops
40.97,23.54,51.82,37.36,62.8,6.34,41.11,Tamarind,Plantation Crops
123.09,72.97,81.03,30.74,50.68,6.26,75.68,Maize,Cereals & Grains
62.42,36.3,49.91,21.08,54.08,6.06,85.06,Mustard,Oilseeds
80.87,48.09,87.31,26.05,84.41,5.69,183.28,Arecanut,Plantation Crops
59.3,22.55,37.77,23.64,50.21,7.92,36.93,Olive,Fruits
132.35,65.77,70.28,19.1,51.89,6.66,73.42,Sweet Corn,Vegetables
46.62,40.5,54.61,35.58,56.53,6.19,85.59,Dragon Fruit,Fruits
34.31,46.88,61.82,17.22,71.27,6.54,58.64,Peas,Pulses & Legumes
34.65,38.26,44.97,20.53,49.81,6.05,42.95,Lentil,Pulses & Legumes
43.42,48.74,54.79,19.41,39.95,7.15,67.25,Castor,Oilseeds
55.39,27.81,62.35,31.47,88.5,4.71,305.84,Rubber,Cash Crops
71.52,24.96,38.26,16.1,66.66,6.84,53.65,Linseed,Oilseeds
69.39,30.31,97.62,28.53,89.33,5.69,185.3,Colocasia,Vegetables
82.93,61.19,38.3,29.28,74.71,7.61,60.57,Guava,Fruits
55.98,39.87,68.09,26.54,76.04,6.51,57.27,Persimmon,Fruits
72.84,40.34,88.85,19.95,55.2,7.23,79.93,Leek,Vegetables
121.29,39.49,122.06,31.08,76.74,6.37,122.0,Sugarcane,Cash Crops
111.35,63.91,60.9,10.92,74.61,6.6,68.24,Kale,Vegetables
96.84,36.11,103.36,26.74,71.88,7.0,191.47,Colocasia,Vegetables
69.03,58.02,66.04,20.36,60.72,6.99,34.24,Garlic,Vegetables
35.39,50.74,57.87,29.44,62.47,6.11,92.74,Soybean,Pulses & Legumes
21.98,49.29,40.89,26.07,74.47,6.51,114.48,Black Gram,Pulses & Legumes
88.05,48.74,77.0,17.32,81.03,6.46,76.92,Celery Root,Vegetables
68.72,30.8,70.56,28.55,89.63,6.0,172.74,Black Pepper,Cash Crops
138.07,108.73,97.55,15.65,75.84,6.21,91.02,Potato,Vegetables
96.8,88.31,110.56,27.67,61.89,6.38,83.26,Tomato,Vegetables
94.51,61.51,50.68,32.46,88.37,5.4,263.41,Rice,Cereals & Grains
81.29,47.7,50.97,14.51,49.16,7.39,45.26,Canola,Oilseeds
133.25,62.07,181.43,32.86,87.42,5.83,169.28,Oil Palm,Plantation Crops
60.05,43.81,36.06,9.26,68.07,6.63,57.08,Oats,Cereals & Grains
47.45,43.81,86.03,9.97,67.63,6.97,72.52,Plum,Fruits
37.44,61.15,29.89,21.52,70.05,6.41,115.73,Black Gram,Pulses & Legumes
14.99,33.66,25.43,28.58,29.63,6.52,28.4,Moth Bean,Pulses & Legumes
58.18,43.82,46.63,11.4,59.09,5.87,34.32,Dill,Spices & Herbs
66.87,52.38,86.08,27.27,58.53,7.39,73.54,Muskmelon,Fruits
72.37,49.66,73.34,25.74,60.87,5.89,73.88,Bottle Gourd,Vegetables
62.45,33.99,86.4,9.87,56.54,6.37,59.52,Beetroot,Vegetables
61.54,31.31,112.77,20.5,56.91,7.31,33.57,Beetroot,Vegetables
63.76,41.07,53.68,9.59,65.14,6.35,64.14,Strawberry,Fruits
62.81,49.95,119.82,22.71,72.29,6.07,140.44,Arecanut,Plantation Crops
61.49,33.46,61.05,14.37,64.45,6.41,53.26,Gooseberry,Fruits
38.85,22.7,30.18,35.14,52.74,6.11,59.07,Cashew,Plantation Crops
76.22,37.48,20.85,20.52,56.43,8.2,67.02,Quinoa,Cereals & Grains
67.57,43.35,39.54,27.43,40.24,6.1,65.94,Safflower,Oilseeds
54.56,47.34,48.66,30.62,65.52,6.2,90.26,Castor,Oilseeds
105.98,71.95,54.43,24.34,70.07,7.6,62.66,Hemp,Fiber Crops
93.17,53.59,51.92,33.89,63.64,5.88,101.57,Okra,Vegetables
69.43,52.19,66.57,34.69,69.51,6.0,68.51,Muskmelon,Fruits
86.35,59.1,69.43,27.71,72.76,5.38,97.76,Turmeric,Cash Crops
73.79,46.06,103.04,26.75,86.16,5.9,152.64,Passion Fruit,Fruits
93.71,57.12,62.45,21.87,57.21,7.59,74.12,Onion,Vegetables
84.45,28.17,41.56,19.12,63.2,7.54,58.27,Triticale,Cereals & Grains
26.81,44.17,52.05,12.16,45.91,7.8,57.32,Faba Bean,Pulses & Legumes
99.68,35.72,70.98,19.11,68.1,6.44,96.53,Mint,Spices & Herbs
29.43,44.83,53.65,11.42,70.27,7.93,38.73,Berseem,Fodder Crops
82.45,59.41,118.96,27.28,75.87,6.1,175.55,Colocasia,Vegetables
50.92,45.98,49.08,24.15,78.54,7.42,83.58,Bitter Gourd,Vegetables
83.62,57.3,64.49,26.14,69.24,5.96,51.78,Okra,Vegetables
49.09,21.5,35.4,19.38,44.44,6.83,33.58,Olive,Fruits
60.04,52.83,69.24,21.27,60.56,6.37,56.61,Strawberry,Fruits
24.98,33.76,59.94,28.59,59.6,6.13,86.76,Lima Bean,Pulses & Legumes
31.09,54.65,56.41,20.8,66.01,7.74,71.59,Faba Bean,Pulses & Legumes
44.08,20.0,22.5,18.42,40.64,7.52,22.23,Cumin,Spices & Herbs
34.96,55.78,46.99,28.02,62.92,7.41,41.26,Alfalfa,Fodder Crops
169.15,60.1,130.51,34.58,66.97,6.91,130.48,Sugarcane,Cash Crops
64.36,57.51,101.57,18.71,66.77,6.56,96.25,Apple,Fruits
79.04,49.62,65.23,21.83,69.45,6.83,72.68,Spinach,Vegetables
73.15,55.76,57.41,17.15,54.41,7.0,77.69,Mulberry,Fruits
108.1,78.5,81.95,13.44,67.76,6.52,46.17,Broccoli,Vegetables
88.23,49.35,42.68,9.04,61.11,5.38,56.38,Oats,Cereals & Grains
35.77,34.76,41.89,14.63,54.32,6.73,74.01,Field Pea,Pulses & Legumes
61.76,70.14,88.17,17.69,53.03,7.56,46.7,Garlic,Vegetables
43.51,20.97,39.4,32.96,33.78,6.54,32.02,Sesame,Oilseeds
57.52,39.97,44.61,12.55,77.18,5.97,46.46,Gooseberry,Fruits
51.02,48.63,75.52,25.55,80.19,6.24,169.89,Jackfruit,Fruits
81.43,51.45,61.99,27.34,71.66,6.64,103.84,Muskmelon,Fruits
80.44,53.62,93.14,21.78,84.23,7.04,114.58,Yam,Vegetables
79.67,66.66,100.25,17.01,56.88,6.45,66.18,Cabbage,Vegetables
79.47,60.49,74.7,23.47,69.96,7.47,168.63,Passion Fruit,Fruits
30.26,36.83,42.29,25.43,68.48,5.65,62.31,Cowpea,Pulses & Legumes
57.28,42.13,27.35,21.13,43.19,7.12,55.34,Flax,Fiber Crops
82.45,36.56,26.46,11.25,48.75,7.27,45.79,Quinoa,Cereals & Grains
87.48,43.51,40.05,19.78,44.64,7.46,95.03,Wheat,Cereals & Grains
31.01,48.96,25.87,23.8,74.58,6.37,71.46,Black Gram,Pulses & Legumes
56.87,28.43,49.37,20.68,78.08,7.27,124.73,Kenaf,Fiber Crops
25.65,61.05,62.41,18.38,63.47,8.57,78.82,Berseem,Fodder Crops
37.46,23.6,28.42,22.43,75.3,6.86,140.02,Cashew,Plantation Crops
110.75,61.27,73.11,27.32,65.11,6.27,72.81,Chilli,Spices & Herbs
78.5,67.31,60.81,26.6,55.32,7.48,48.84,Hemp,Fiber Crops
60.15,23.35,34.55,35.03,63.55,7.38,53.95,Sorghum,Cereals & Grains
71.54,48.33,73.06,24.5,86.61,6.62,184.0,Rambutan,Fruits
73.17,71.63,61.67,17.43,54.45,7.34,66.23,Zucchini,Vegetables
78.42,28.59,94.73,19.07,46.13,6.74,93.65,Grapes,Fruits
88.05,35.1,94.81,26.87,71.24,5.65,241.56,Mangosteen,Fruits
57.35,56.5,102.39,23.15,71.26,6.2,105.58,Mango,Fruits
59.85,41.13,45.82,30.66,67.54,7.29,82.3,Basil,Spices & Herbs
96.43,43.31,50.91,21.5,43.83,6.42,104.46,Wheat,Cereals & Grains
67.5,40.45,81.22,28.02,80.44,6.07,127.11,Rambutan,Fruits
78.85,30.7,78.27,30.21,57.0,5.93,100.66,Watermelon,Fruits
35.95,52.91,36.03,22.34,63.93,7.49,71.41,Green Gram,Pulses & Legumes
46.06,22.11,42.22,17.51,42.05,7.86,93.3,Fig,Fruits
88.63,56.36,89.14,21.47,71.69,6.1,61.81,Mango,Fruits
53.25,35.97,76.65,26.83,79.2,6.46,99.83,Bitter Gourd,Vegetables
125.55,66.81,180.94,26.32,77.71,6.24,238.56,Oil Palm,Plantation Crops
74.74,61.92,78.87,9.23,51.51,7.12,112.0,Apricot,Fruits
76.4,40.18,54.39,16.37,59.54,7.37,76.36,Triticale,Cereals & Grains
32.02,61.57,29.76,23.2,70.9,5.98,93.61,Black Gram,Pulses & Legumes
64.03,43.19,71.01,18.81,70.25,7.53,54.56,Parsnip,Vegetables
50.52,25.59,27.57,15.34,60.94,7.5,93.82,Coriander,Spices & Herbs
48.51,39.92,50.84,29.98,65.93,6.55,72.93,Bottle Gourd,Vegetables
77.53,48.12,49.79,7.92,52.86,6.82,58.1,Triticale,Cereals & Grains
58.92,57.35,88.43,9.0,52.35,7.21,137.64,Pear,Fruits
66.55,19.25,20.3,14.31,48.64,7.12,43.04,Teff,Cereals & Grains
49.53,46.66,39.98,14.96,59.89,8.63,57.41,Ajwain,Spices & Herbs
42.21,27.42,31.27,17.68,44.74,6.44,52.05,Ajwain,Spices & Herbs
73.48,63.97,66.28,17.24,55.37,7.22,65.73,Spinach,Vegetables
37.42,30.17,44.47,30.52,65.96,7.29,38.91,Cluster Bean,Vegetables
48.38,20.78,36.5,37.29,39.78,6.46,28.47,Millet,Cereals & Grains
102.49,36.9,61.92,11.16,71.08,7.11,68.31,Swiss Chard,Vegetables
60.16,39.29,66.16,11.22,49.37,7.46,68.81,Apricot,Fruits
27.5,56.95,60.75,20.02,73.59,7.67,32.53,Berseem,Fodder Crops
40.33,32.46,34.93,31.53,77.04,6.78,151.77,Cinnamon,Cash Crops
58.8,60.73,83.17,9.85,67.71,6.46,61.42,Peach,Fruits
30.34,61.32,33.66,28.24,59.98,6.21,66.98,Green Gram,Pulses & Legumes
76.46,50.7,72.98,8.18,61.53,6.56,141.33,Apple,Fruits
46.64,36.91,26.3,19.12,58.33,6.6,26.59,Quinoa,Cereals & Grains
74.33,31.13,68.43,13.96,62.98,6.11,36.6,Turnip,Vegetables
102.48,56.92,41.89,21.04,55.3,6.86,111.11,Cotton,Cash Crops
92.38,41.04,92.97,20.41,58.59,7.61,71.89,Beetroot,Vegetables
79.54,30.25,40.03,11.29,50.82,6.82,43.62,Triticale,Cereals & Grains
51.35,52.37,95.24,22.15,69.84,6.93,156.69,Rambutan,Fruits
101.09,75.6,70.28,15.55,64.97,6.48,54.49,Onion,Vegetables
71.42,66.78,81.48,10.86,79.75,5.55,69.85,Strawberry,Fruits
38.17,58.34,27.22,22.88,68.84,7.0,143.88,Pigeon Pea,Pulses & Legumes
77.22,53.89,85.75,10.61,52.17,6.45,48.74,Carrot,Vegetables
109.43,67.46,91.47,11.33,63.95,7.22,87.03,Artichoke,Vegetables
33.4,28.23,34.65,19.05,47.59,8.16,47.36,Fennel,Spices & Herbs
50.39,43.68,38.37,24.07,74.99,6.47,160.84,Nutmeg,Cash Crops
54.63,41.56,76.7,20.66,55.47,6.19,121.13,Mandarin,Fruits
61.96,48.26,48.39,16.62,73.6,6.23,91.62,Mint,Spices & Herbs
52.31,44.91,77.12,22.51,77.97,6.85,92.02,Jackfruit,Fruits
86.04,25.35,43.79,35.12,41.89,5.61,41.77,Sorghum,Cereals & Grains
34.6,41.22,40.98,29.39,54.94,6.16,77.95,Green Gram,Pulses & Legumes
60.23,31.52,33.52,24.54,60.54,5.73,27.75,Teff,Cereals & Grains
69.64,36.02,70.52,31.75,76.71,6.01,113.46,Ridgegourd,Vegetables
62.06,52.36,64.61,10.19,49.12,6.8,45.35,Radish,Vegetables
22.62,34.13,31.26,37.58,53.98,6.38,45.78,Moth Bean,Pulses & Legumes
51.7,30.39,50.6,24.13,55.48,6.33,86.01,Castor,Oilseeds
78.82,66.38,100.71,10.25,63.93,6.13,43.32,Carrot,Vegetables
64.68,41.8,30.56,20.12,64.45,6.41,63.78,Amaranth,Cereals & Grains
74.77,46.65,99.27,20.55,76.26,5.96,56.48,Celery Root,Vegetables
111.83,64.53,100.42,24.0,54.45,6.08,72.25,Tomato,Vegetables
48.18,51.47,62.64,20.09,55.47,6.53,107.74,Persimmon,Fruits
66.83,37.7,53.19,26.47,65.73,6.6,108.72,Persimmon,Fruits
145.11,55.84,185.14,27.16,86.07,5.69,308.21,Oil Palm,Plantation Crops
65.85,51.51,104.08,13.92,64.89,6.98,40.06,Beetroot,Vegetables
71.29,58.73,41.06,35.74,52.39,6.49,99.61,Castor,Oilseeds
71.6,45.22,88.77,32.7,59.76,7.61,117.39,Papaya,Fruits
121.06,58.72,44.51,27.01,72.54,6.97,289.47,Rice,Cereals & Grains
83.49,50.93,61.21,19.42,67.06,6.75,49.41,Spinach,Vegetables
86.3,48.97,87.38,16.36,75.38,6.0,117.1,Peach,Fruits
34.8,22.02,38.7,23.03,68.02,5.92,63.21,Dill,Spices & Herbs
75.46,47.65,79.19,22.77,64.96,6.18,103.09,Muskmelon,Fruits
29.79,33.68,38.31,30.63,71.07,6.6,104.51,Tamarind,Plantation Crops
86.08,40.83,44.01,7.35,53.02,4.9,48.16,Rye,Cereals & Grains
85.83,76.85,80.21,24.06,71.13,6.24,102.69,Tomato,Vegetables
71.15,37.87,37.74,8.94,51.35,6.11,90.49,Oats,Cereals & Grains
169.97,48.09,81.02,34.92,73.55,6.76,168.64,Sugarcane,Cash Crops
96.08,29.62,81.0,27.51,78.92,6.44,127.88,Taro,Vegetables
81.05,38.48,63.54,24.97,63.04,7.19,99.6,Avocado,Fruits
70.54,57.78,56.31,7.82,58.76,7.6,82.12,Cherry,Fruits
148.19,56.16,83.91,27.98,81.9,7.11,203.38,Sugarcane,Cash Crops
27.83,63.58,52.52,22.7,75.92,5.99,112.47,Peanut,Pulses & Legumes
54.24,43.52,35.01,17.16,55.85,7.0,73.07,Dill,Spices & Herbs
94.05,40.6,66.44,12.06,73.53,7.6,39.83,Kale,Vegetables
56.06,21.08,44.9,35.55,46.16,7.13,64.86,Moringa,Plantation Crops
49.7,35.95,77.94,9.92,60.96,6.45,45.09,Lettuce,Vegetables
90.01,54.56,51.88,26.44,68.71,7.07,79.19,Zucchini,Vegetables
70.39,23.24,51.12,20.82,77.71,7.03,96.13,Basil,Spices & Herbs
100.08,74.53,62.14,20.92,66.38,6.73,93.83,Chilli,Spices & Herbs
68.99,29.12,98.08,19.57,44.89,7.18,109.29,Grapes,Fruits
87.18,28.01,129.78,27.73,84.14,7.05,206.82,Arecanut,Plantation Crops
76.19,46.64,91.39,13.11,49.09,6.23,81.17,Plum,Fruits
58.39,50.43,66.14,24.63,83.58,5.81,218.2,Vanilla,Cash Crops
61.71,55.09,118.33,18.83,55.61,6.06,79.31,Carrot,Vegetables
66.78,36.52,84.7,23.47,51.29,5.79,72.29,Lemon,Fruits
96.15,51.39,45.81,23.46,80.33,6.88,136.62,Jute,Cash Crops
78.06,37.96,83.73,15.83,74.48,7.08,129.8,Kiwi,Fruits
38.63,66.21,90.32,23.28,46.85,7.64,67.17,Alfalfa,Fodder Crops
96.11,50.82,90.42,19.69,59.63,7.05,80.97,Capsicum,Vegetables
116.3,70.05,72.2,27.92,53.94,6.14,49.89,Cotton,Cash Crops
153.46,111.1,113.36,13.72,72.62,5.71,87.11,Potato,Vegetables
50.21,35.64,59.39,15.87,58.54,6.4,72.88,Gooseberry,Fruits
114.68,73.55,103.63,9.67,61.39,5.99,93.66,Cabbage,Vegetables
25.47,49.55,55.43,30.28,63.43,5.7,60.06,Cowpea,Pulses & Legumes
85.16,63.18,77.01,14.22,73.03,5.97,52.89,Celery,Spices & Herbs
15.52,42.19,39.84,38.31,38.74,6.2,61.72,Cowpea,Pulses & Legumes
37.74,25.76,50.03,24.35,78.72,6.88,201.19,Clove,Cash Crops
43.44,27.49,35.75,15.63,56.76,7.06,31.82,Teff,Cereals & Grains
63.25,56.53,54.43,20.02,42.8,6.64,59.83,Mustard,Oilseeds
59.95,34.67,46.69,21.92,70.87,5.01,189.2,Cardamom,Cash Crops
81.62,44.07,61.55,22.79,84.99,7.03,119.01,Ginger,Cash Crops
130.71,42.73,92.39,26.15,60.59,4.82,165.14,Napier Grass,Fodder Crops
60.56,41.29,70.89,27.36,87.27,6.17,258.79,Cardamom,Cash Crops
38.65,34.16,50.51,12.75,52.21,6.91,64.35,Dill,Spices & Herbs
50.02,45.64,48.11,13.66,41.61,6.52,82.59,Linseed,Oilseeds
69.7,40.89,63.62,22.74,68.21,5.86,257.67,Rubber,Cash Crops
101.7,71.91,61.24,26.54,65.2,6.42,71.42,Sunflower,Oilseeds
39.26,40.74,42.01,34.5,57.22,6.03,68.05,Sisal,Fiber Crops
70.97,30.53,65.41,9.75,60.77,6.93,80.65,Endive,Vegetables
35.6,27.16,70.85,23.19,68.63,6.77,181.2,Cardamom,Cash Crops
72.49,38.19,91.26,31.7,63.58,5.87,133.22,Longan,Fruits
36.87,45.21,27.1,19.51,63.4,6.44,135.54,Pigeon Pea,Pulses & Legumes
58.11,61.98,90.58,29.46,71.46,6.21,154.63,Papaya,Fruits
90.94,49.03,76.39,21.12,65.06,6.26,58.93,Chilli,Spices & Herbs
60.89,55.48,52.9,20.17,55.47,7.25,77.64,Castor,Oilseeds
101.41,38.41,45.92,9.14,64.94,7.41,93.08,Wheat,Cereals & Grains
43.26,34.18,26.39,29.26,71.5,6.82,67.86,Niger Seed,Oilseeds
78.61,44.29,95.85,30.42,87.62,5.62,181.1,Ginger,Cash Crops
70.01,39.61,78.88,15.44,57.78,6.72,45.96,Turnip,Vegetables
49.25,39.56,92.92,22.64,85.29,5.93,265.68,Cocoa,Plantation Crops
41.82,38.63,38.32,27.31,51.68,6.18,34.59,Millet,Cereals & Grains
91.21,53.37,82.93,31.64,84.67,5.67,202.55,Taro,Vegetables
80.18,61.76,71.76,18.54,66.57,6.72,142.37,Avocado,Fruits
83.62,66.03,98.08,17.36,71.12,6.48,77.17,Leek,Vegetables
68.28,28.17,71.35,23.86,80.58,6.45,106.12,Mulberry,Fruits
60.85,32.43,58.08,28.4,59.87,6.64,80.42,Bottle Gourd,Vegetables
46.1,28.49,38.26,17.71,61.13,6.26,61.56,Fennel,Spices & Herbs
71.76,45.87,44.94,26.11,55.72,6.22,75.98,Coriander,Spices & Herbs
20.88,40.26,30.65,25.47,57.79,7.17,70.92,Lentil,Pulses & Legumes
39.8,45.51,36.27,13.12,39.27,6.23,33.43,Linseed,Oilseeds
87.55,25.26,59.99,32.62,52.11,6.71,55.56,Sudan Grass,Fodder Crops
120.88,42.22,70.52,20.73,55.5,6.71,57.31,Artichoke,Vegetables
72.11,50.82,86.6,25.99,78.59,7.07,67.02,Cucumber,Vegetables
101.22,51.49,41.29,18.55,41.99,6.4,81.97,Barley,Cereals & Grains
91.12,58.41,120.66,24.08,75.83,6.17,73.17,Tomato,Vegetables
91.93,54.52,108.21,13.57,66.47,6.8,41.69,Asparagus,Vegetables
99.44,32.04,60.45,26.53,73.92,4.95,138.87,Napier Grass,Fodder Crops
66.16,49.07,72.29,25.16,53.06,7.09,46.65,Apricot,Fruits
102.34,60.8,80.0,27.97,74.95,6.85,129.97,Colocasia,Vegetables
59.33,53.68,57.77,16.49,55.83,7.13,68.68,Cherry,Fruits
30.16,41.37,47.65,21.34,73.64,6.53,108.9,Peanut,Pulses & Legumes
91.07,39.74,58.77,25.28,40.48,6.73,40.02,Wheat,Cereals & Grains
66.34,61.03,93.84,20.55,74.22,6.98,268.4,Cocoa,Plantation Crops
68.37,55.74,43.92,20.44,48.67,7.53,93.1,Mustard,Oilseeds
69.95,42.34,77.22,32.0,79.76,7.07,205.07,Rambutan,Fruits
92.55,28.18,79.92,24.91,69.32,5.49,183.56,Taro,Vegetables
70.01,63.45,94.33,24.79,88.2,5.76,125.59,Turmeric,Cash Crops
30.46,48.32,38.8,38.66,40.46,7.05,33.0,Cluster Bean,Vegetables
101.49,38.54,84.11,25.14,65.35,6.34,123.12,Yam,Vegetables
59.91,58.67,79.28,9.19,48.79,6.93,52.22,Apricot,Fruits
53.81,43.14,94.28,20.23,89.66,5.97,277.09,Cocoa,Plantation Crops
55.61,57.88,61.23,13.1,70.76,7.46,120.46,Pear,Fruits
90.79,42.55,86.48,13.33,75.17,6.08,81.17,Celery,Spices & Herbs
84.43,33.18,34.48,32.14,54.0,6.33,37.25,Sorghum,Cereals & Grains
128.95,72.13,153.59,28.22,89.42,5.17,265.25,Oil Palm,Plantation Crops
55.13,34.63,45.21,30.63,60.57,6.37,41.46,Amaranth,Cereals & Grains
48.26,48.15,60.2,20.26,64.04,7.58,51.78,Basil,Spices & Herbs
70.69,24.26,43.53,20.99,75.89,6.96,49.08,Basil,Spices & Herbs
27.7,40.18,53.0,14.73,41.86,7.15,53.62,Chickpea,Pulses & Legumes
87.06,44.54,79.17,24.21,62.55,5.62,56.73,Tobacco,Cash Crops
92.38,72.39,91.49,22.47,73.64,6.34,140.68,Papaya,Fruits
79.66,33.14,129.56,31.98,71.38,5.92,192.5,Coconut,Fruits
39.1,48.77,55.73,15.85,52.26,7.15,43.39,Alfalfa,Fodder Crops
41.16,35.26,57.69,34.67,53.45,6.07,27.83,Sisal,Fiber Crops
56.71,41.0,54.2,31.73,50.82,5.15,45.03,Moringa,Plantation Crops
76.83,32.45,70.16,27.41,51.54,7.03,80.81,Watermelon,Fruits
79.36,55.48,52.39,18.13,62.49,6.06,98.85,Sunflower,Oilseeds
110.32,61.82,62.31,12.8,68.86,6.19,70.24,Celery,Spices & Herbs
112.09,56.17,41.38,17.07,53.94,6.34,95.92,Wheat,Cereals & Grains
108.43,50.86,44.59,28.64,70.99,6.14,216.95,Rice,Cereals & Grains
48.62,43.28,41.73,15.56,58.54,4.08,61.56,Blueberry,Fruits
39.07,50.19,38.11,17.78,61.52,6.23,87.48,Coriander,Spices & Herbs
81.02,39.49,40.94,28.48,86.78,6.11,149.05,Rice,Cereals & Grains
76.11,52.43,87.44,26.28,70.26,6.08,150.98,Longan,Fruits
13.47,57.89,32.2,10.85,44.22,6.18,62.47,Field Pea,Pulses & Legumes
90.41,49.04,28.61,21.48,66.07,6.47,102.0,Kenaf,Fiber Crops
145.98,56.25,64.22,23.28,58.19,6.09,70.49,Maize,Cereals & Grains
47.93,31.96,75.97,22.46,60.13,6.49,63.57,Radish,Vegetables
75.9,57.11,75.12,21.31,85.5,6.24,135.89,Turmeric,Cash Crops
76.99,33.9,87.79,11.03,63.51,5.96,124.43,Plum,Fruits
33.59,19.45,38.3,35.45,55.72,5.29,76.34,Moringa,Plantation Crops
92.72,63.1,73.04,27.87,68.81,6.5,49.67,Okra,Vegetables
55.96,50.17,61.13,18.32,58.17,6.79,73.62,Lettuce,Vegetables
35.74,34.44,24.7,17.46,52.93,7.17,50.14,Ajwain,Spices & Herbs
52.17,30.66,82.98,34.92,39.02,6.67,84.55,Fig,Fruits
118.26,59.19,78.32,14.14,59.66,7.53,67.46,Broccoli,Vegetables
82.12,38.47,83.24,14.83,70.14,6.03,97.97,Peach,Fruits
58.14,25.76,32.86,29.41,50.54,7.74,75.67,Olive,Fruits
102.17,34.85,102.05,14.69,67.2,7.6,43.12,Swiss Chard,Vegetables
122.19,70.08,96.3,20.72,62.27,7.39,88.59,Cauliflower,Vegetables
108.8,67.65,89.19,27.33,60.37,7.15,89.42,Chilli,Spices & Herbs
81.6,45.18,62.55,24.15,59.63,7.32,65.59,Okra,Vegetables
96.15,43.8,60.99,23.18,64.44,6.92,91.66,Hemp,Fiber Crops
90.93,38.24,83.26,12.32,53.37,6.28,42.29,Parsnip,Vegetables
87.36,35.56,63.45,15.77,67.1,6.06,89.67,Swiss Chard,Vegetables
41.76,45.89,23.26,14.59,65.72,6.71,70.58,Coriander,Spices & Herbs
61.23,28.44,39.53,17.81,56.28,5.69,66.66,Niger Seed,Oilseeds
76.3,53.5,38.14,22.58,61.59,7.28,50.47,Pomegranate,Fruits
67.07,42.68,66.67,32.05,76.84,6.61,60.32,Cucumber,Vegetables
76.47,37.12,71.5,27.69,88.28,4.72,175.32,Rubber,Cash Crops
98.31,59.77,85.77,23.29,86.93,6.74,86.06,Napier Grass,Fodder Crops
33.18,56.88,55.3,19.07,48.39,6.89,49.25,Faba Bean,Pulses & Legumes
28.77,62.8,82.27,35.55,71.33,6.28,100.23,Peanut,Pulses & Legumes
31.51,40.76,54.67,37.67,45.87,5.4,53.99,Sisal,Fiber Crops
79.95,45.68,68.29,25.0,81.91,6.81,140.69,Rambutan,Fruits
64.89,53.64,67.75,23.75,56.75,5.75,133.16,Orange,Fruits
60.13,36.99,52.21,23.79,68.81,6.85,79.67,Bottle Gourd,Vegetables
57.01,35.42,40.8,8.5,61.44,7.36,54.04,Quinoa,Cereals & Grains
51.35,40.0,55.62,25.75,74.99,5.55,175.0,Vanilla,Cash Crops
50.48,41.15,39.27,19.57,45.6,5.92,53.31,Fig,Fruits
86.8,39.53,60.72,18.88,95.07,5.2,224.29,Cocoa,Plantation Crops
29.88,36.5,33.14,34.67,53.06,6.8,22.85,Moth Bean,Pulses & Legumes
68.57,59.16,93.55,16.91,67.0,7.56,115.53,Kiwi,Fruits
94.92,71.23,79.93,25.87,67.3,7.26,61.4,Cucumber,Vegetables
60.65,55.54,77.47,17.71,84.24,6.21,136.45,Passion Fruit,Fruits
33.67,40.63,39.96,29.01,79.71,6.66,292.8,Clove,Cash Crops
49.7,31.18,21.3,21.26,65.78,6.51,66.94,Niger Seed,Oilseeds
38.0,31.0,39.06,22.35,64.85,6.15,28.37,Fenugreek,Spices & Herbs
47.89,41.85,97.22,29.1,72.97,5.64,83.86,Sweet Potato,Vegetables
81.67,61.17,66.43,26.44,51.82,5.62,67.2,Mango,Fruits
56.65,40.97,39.17,20.53,39.42,6.14,68.89,Flax,Fiber Crops
58.86,46.23,88.9,12.32,65.89,7.03,50.81,Carrot,Vegetables
78.94,37.92,76.77,23.12,73.76,5.36,135.34,Turmeric,Cash Crops
101.71,66.99,63.02,20.42,58.12,7.01,99.49,Capsicum,Vegetables
90.9,40.24,49.32,24.32,78.94,6.85,163.89,Jackfruit,Fruits
38.54,22.54,31.49,14.42,51.64,5.62,48.22,Teff,Cereals & Grains
107.21,47.58,59.62,26.52,74.55,5.81,235.68,Rice,Cereals & Grains
81.06,53.12,60.58,21.47,49.85,6.47,86.81,Sunflower,Oilseeds
48.35,30.17,56.02,21.68,64.41,6.15,66.11,Basil,Spices & Herbs
77.13,67.47,84.03,18.4,62.2,6.84,49.25,Pumpkin,Vegetables
31.76,43.33,23.86,21.28,35.86,7.87,56.15,Cumin,Spices & Herbs
61.03,39.21,90.19,16.89,56.9,6.91,59.35,Parsnip,Vegetables
88.99,51.96,59.23,25.83,73.49,7.12,226.66,Rice,Cereals & Grains
56.88,49.87,40.89,16.32,65.61,6.55,60.41,Oats,Cereals & Grains
82.94,49.57,77.82,9.75,66.4,5.89,74.24,Peach,Fruits
91.39,57.82,83.04,21.13,67.97,6.71,76.27,Kohlrabi,Vegetables
55.24,37.46,69.62,21.77,63.33,7.25,88.56,Grapes,Fruits
77.11,56.67,80.77,21.57,74.31,6.28,69.76,Tobacco,Cash Crops
49.53,30.05,70.73,19.71,64.57,6.19,122.37,Mulberry,Fruits
83.53,79.89,97.91,14.43,51.56,7.25,72.66,Asparagus,Vegetables
92.18,36.49,60.99,30.24,58.86,5.83,126.69,Grapefruit,Fruits
67.83,61.81,94.17,32.67,81.52,6.94,177.78,Rambutan,Fruits
18.55,39.89,34.76,29.18,62.35,8.41,70.93,Cluster Bean,Vegetables
26.68,65.73,41.08,18.44,56.19,6.75,80.36,Peas,Pulses & Legumes
122.07,54.64,82.7,18.68,49.78,6.58,85.4,Asparagus,Vegetables
57.54,54.58,42.24,18.87,57.73,6.89,73.5,Safflower,Oilseeds
54.78,48.23,56.48,34.66,68.43,7.01,89.8,Dragon Fruit,Fruits
80.44,49.55,84.43,23.88,72.36,6.6,106.33,Chilli,Spices & Herbs
28.85,53.01,58.36,31.03,45.48,7.28,71.36,Chickpea,Pulses & Legumes
70.34,62.02,86.33,19.05,53.25,6.05,79.45,Pear,Fruits
76.73,32.46,40.42,26.49,72.13,6.67,121.68,Mulberry,Fruits
48.02,18.79,41.65,17.98,83.1,7.15,255.78,Cardamom,Cash Crops
64.45,30.28,56.36,24.68,72.9,6.91,67.34,Bottle Gourd,Vegetables
17.65,39.8,75.03,34.67,56.76,6.33,54.93,Peanut,Pulses & Legumes
123.0,58.19,95.64,15.17,70.34,7.16,54.28,Artichoke,Vegetables
58.58,48.14,56.1,19.63,67.52,6.68,99.73,Basil,Spices & Herbs
53.98,34.09,48.58,25.58,77.99,5.98,266.03,Rubber,Cash Crops
28.89,19.63,55.01,21.51,42.0,7.64,81.65,Tamarind,Plantation Crops
51.33,71.81,67.5,24.81,61.0,6.74,75.35,Garlic,Vegetables
36.73,48.03,40.07,28.62,77.44,5.87,75.98,Black Gram,Pulses & Legumes
65.13,37.84,50.54,14.31,49.04,7.22,83.91,Flax,Fiber Crops
49.44,29.98,88.26,20.57,57.28,7.06,39.37,Turnip,Vegetables
53.77,25.99,68.38,32.34,79.98,6.16,221.95,Rubber,Cash Crops
58.68,44.02,62.17,13.73,67.33,6.42,92.62,Swiss Chard,Vegetables
67.19,47.32,91.9,20.05,72.64,5.92,77.78,Raspberry,Fruits
59.69,52.41,66.42,16.16,63.76,6.79,47.78,Onion,Vegetables
28.31,27.01,33.65,22.74,44.76,7.29,31.2,Fenugreek,Spices & Herbs
55.69,40.25,87.3,18.35,75.35,7.02,64.98,Lemon,Fruits
76.85,24.72,42.43,31.78,43.9,6.81,49.05,Sorghum,Cereals & Grains
85.31,61.16,60.35,28.83,84.69,5.96,111.04,Jackfruit,Fruits
38.49,20.64,34.11,27.38,44.5,6.62,30.33,Teff,Cereals & Grains
56.28,29.97,90.89,20.54,63.43,5.24,176.98,Pineapple,Fruits
51.46,28.51,43.98,30.79,75.36,6.32,211.7,Rubber,Cash Crops
79.44,42.88,53.8,11.45,58.22,7.5,84.73,Cherry,Fruits
71.27,51.2,54.8,14.72,64.45,6.64,67.77,Spinach,Vegetables
39.35,22.2,23.31,18.59,55.08,6.04,61.69,Teff,Cereals & Grains
90.8,52.59,80.58,22.12,60.37,5.49,101.01,Brinjal,Vegetables
84.86,56.29,89.21,25.1,61.56,6.74,120.45,Grapefruit,Fruits
133.39,57.86,113.21,33.22,68.91,5.49,196.69,Banana,Fruits
29.37,50.04,49.02,30.32,62.23,6.88,66.77,Dragon Fruit,Fruits
70.64,42.22,68.94,11.82,68.34,6.83,81.12,Turnip,Vegetables
63.11,59.08,85.28,24.41,85.65,7.07,116.31,Passion Fruit,Fruits
69.32,36.43,116.03,31.1,91.17,6.69,254.75,Coconut,Fruits
70.61,57.66,66.42,22.33,55.76,6.49,80.14,Onion,Vegetables
40.86,26.31,49.58,22.88,72.29,6.79,196.71,Clove,Cash Crops
94.63,67.11,72.76,25.57,68.59,7.48,201.85,Turmeric,Cash Crops
60.86,25.68,42.93,29.85,74.9,6.76,71.43,Cashew,Plantation Crops
68.7,64.27,66.18,19.63,70.05,7.09,38.57,Onion,Vegetables
64.97,39.22,44.29,21.13,40.55,6.88,78.03,Safflower,Oilseeds
78.92,40.09,40.11,16.48,61.11,6.92,71.31,Rye,Cereals & Grains
29.17,21.12,56.52,8.41,73.73,4.87,66.77,Blueberry,Fruits
70.25,56.03,100.25,16.19,71.18,6.2,41.48,Kohlrabi,Vegetables
29.82,29.74,56.91,34.69,40.7,8.48,68.43,Cluster Bean,Vegetables
100.61,63.5,79.48,15.48,72.12,7.14,58.97,Cabbage,Vegetables
86.83,48.3,69.84,16.57,67.58,6.6,49.56,Lettuce,Vegetables
72.73,49.17,66.83,25.21,49.89,5.97,79.16,Watermelon,Fruits
16.94,64.77,34.95,20.62,45.56,6.06,78.85,Faba Bean,Pulses & Legumes
54.43,61.53,56.09,9.71,57.12,6.57,81.43,Lettuce,Vegetables
85.0,60.33,78.66,23.59,72.91,7.0,125.59,Grapefruit,Fruits
147.31,55.9,139.1,33.06,86.84,7.1,182.7,Banana,Fruits
70.59,30.58,69.13,32.99,74.94,6.02,64.94,Bottle Gourd,Vegetables
101.48,43.84,47.4,10.46,48.49,6.64,37.92,Triticale,Cereals & Grains
20.79,61.05,65.33,13.58,66.83,8.26,64.59,Berseem,Fodder Crops
63.09,37.74,44.72,30.18,66.63,6.86,37.16,Sorghum,Cereals & Grains
60.54,23.55,28.87,29.23,34.02,5.46,42.58,Sesame,Oilseeds
74.9,54.12,80.22,26.55,78.84,5.88,241.0,Mangosteen,Fruits
50.06,26.91,49.06,21.28,55.69,6.39,76.43,Coriander,Spices & Herbs
82.4,47.7,42.78,9.56,54.24,6.1,68.88,Triticale,Cereals & Grains
87.26,79.14,77.99,22.29,54.9,6.13,69.55,Sunflower,Oilseeds
59.27,30.34,36.3,20.95,53.76,5.89,82.2,Flax,Fiber Crops
81.32,53.65,104.6,24.31,76.07,4.58,147.62,Pineapple,Fruits
54.59,38.53,81.17,35.57,65.16,7.09,84.48,Ridgegourd,Vegetables
19.51,33.22,54.66,16.61,62.22,6.74,75.02,Runner Bean,Pulses & Legumes
66.18,47.54,83.05,31.64,86.53,5.94,220.63,Mangosteen,Fruits
55.84,46.48,51.21,26.74,76.82,6.47,44.76,Moringa,Plantation Crops
111.82,77.99,80.6,15.26,69.73,6.02,68.72,Cabbage,Vegetables
55.14,21.59,25.06,36.47,49.55,5.66,50.84,Sesame,Oilseeds
28.84,59.76,58.17,19.08,65.87,7.23,56.4,Faba Bean,Pulses & Legumes
69.22,54.58,57.83,25.84,53.67,6.8,61.93,Pumpkin,Vegetables
93.42,70.13,49.89,18.41,57.67,6.37,95.57,Sunflower,Oilseeds
37.72,37.14,54.52,12.87,70.73,7.06,93.37,Gooseberry,Fruits
29.96,55.03,30.21,23.56,72.21,7.59,60.14,Green Gram,Pulses & Legumes
38.01,54.53,60.99,25.77,63.9,6.88,95.21,Soybean,Pulses & Legumes
36.59,52.5,35.82,11.57,55.95,6.93,57.03,Lentil,Pulses & Legumes
82.19,54.75,103.86,10.31,65.24,7.29,62.3,Cabbage,Vegetables
68.32,39.98,80.62,33.29,51.65,7.64,56.92,Mango,Fruits
57.94,41.03,62.08,22.5,56.09,7.52,38.8,Spinach,Vegetables
73.45,36.86,44.0,23.61,82.47,7.79,239.09,Jute,Cash Crops
91.23,38.54,88.16,21.79,55.66,6.48,66.73,Zucchini,Vegetables
81.06,50.09,33.14,18.51,43.94,6.57,66.46,Barley,Cereals & Grains
54.55,28.75,63.54,25.36,45.38,7.35,63.88,Watermelon,Fruits
49.01,44.49,78.31,10.52,74.32,5.6,82.2,Raspberry,Fruits
75.8,38.3,93.01,17.16,48.26,6.97,126.97,Apple,Fruits
80.72,47.28,80.18,26.53,75.45,6.45,46.14,Okra,Vegetables
62.36,49.05,34.11,16.53,52.77,6.61,61.87,Barley,Cereals & Grains
20.47,49.35,38.29,13.58,59.09,7.38,68.95,Peas,Pulses & Legumes
58.0,48.34,145.92,31.7,90.1,6.63,122.95,Coconut,Fruits
75.89,39.94,59.01,28.75,71.29,5.9,192.97,Rambutan,Fruits
48.02,46.0,42.01,23.33,68.94,6.65,253.19,Clove,Cash Crops
81.75,51.74,79.9,32.49,54.47,6.51,57.4,Guava,Fruits
57.56,44.75,54.02,17.28,63.43,5.95,63.46,Lettuce,Vegetables
68.35,64.44,77.35,29.31,69.18,6.41,181.44,Ginger,Cash Crops
90.82,50.55,101.7,25.74,62.02,6.0,60.43,Tobacco,Cash Crops
98.95,60.79,83.92,10.35,59.35,6.43,43.34,Celery Root,Vegetables
35.57,70.58,43.22,17.47,53.72,6.2,46.08,Chickpea,Pulses & Legumes
93.08,41.63,69.19,10.56,49.02,7.11,112.93,Pear,Fruits
33.86,21.8,47.64,24.41,70.72,5.08,145.16,Cinnamon,Cash Crops
89.3,49.57,97.61,29.33,62.83,5.42,124.76,Grapefruit,Fruits
63.19,47.52,100.6,10.41,61.63,6.05,66.58,Parsnip,Vegetables
25.79,42.53,79.48,15.98,50.1,6.5,77.88,Alfalfa,Fodder Crops
88.74,40.94,83.71,20.5,53.7,6.78,57.63,Kohlrabi,Vegetables
64.84,70.19,91.08,23.93,68.74,5.9,58.15,Garlic,Vegetables
66.47,53.85,52.69,28.44,59.89,7.32,68.63,Safflower,Oilseeds
91.99,57.77,98.18,19.88,56.86,6.88,41.67,Artichoke,Vegetables
97.34,54.15,92.14,27.12,66.37,6.71,96.43,Capsicum,Vegetables
36.47,20.37,60.16,8.73,73.75,4.19,62.22,Blueberry,Fruits
87.22,37.52,54.16,11.31,64.25,6.14,61.37,Mustard,Oilseeds
90.82,36.44,41.48,28.66,77.61,7.01,209.53,Jute,Cash Crops
45.83,21.92,51.87,25.67,47.21,7.0,74.27,Dill,Spices & Herbs
30.7,56.07,79.19,33.48,55.45,6.86,78.74,Peanut,Pulses & Legumes
99.4,60.79,91.89,20.73,66.59,6.34,80.53,Maize,Cereals & Grains
52.25,52.61,76.99,29.85,63.93,6.9,63.45,Mandarin,Fruits
34.11,28.04,45.48,25.36,60.43,6.85,53.54,Dragon Fruit,Fruits
77.5,40.21,62.84,30.57,77.33,6.84,156.77,Litchi,Fruits
60.18,36.52,59.71,25.85,54.54,7.44,133.18,Cashew,Plantation Crops
53.96,41.43,51.45,12.57,38.47,7.25,51.0,Linseed,Oilseeds
84.27,45.28,66.65,23.89,43.26,7.62,104.52,Cotton,Cash Crops
30.84,37.54,66.17,18.08,90.01,5.95,199.52,Cardamom,Cash Crops
88.82,35.52,39.14,17.24,61.17,6.79,69.12,Triticale,Cereals & Grains
46.4,18.1,81.07,47.11,31.98,8.16,40.14,Date Palm,Plantation Crops
71.58,43.25,53.61,28.63,74.01,5.33,239.1,Black Pepper,Cash Crops
95.47,28.38,58.8,23.85,72.14,6.48,115.51,Coffee,Cash Crops
48.91,37.09,33.63,19.8,48.2,7.75,44.59,Cumin,Spices & Herbs
70.08,37.95,51.68,16.6,45.35,7.19,42.08,Linseed,Oilseeds
20.14,37.69,48.85,24.13,45.16,6.38,77.0,Chickpea,Pulses & Legumes
40.39,24.09,50.97,28.62,87.64,6.55,224.55,Vanilla,Cash Crops
57.92,43.21,81.97,21.35,86.71,6.65,65.35,Mint,Spices & Herbs
14.04,56.27,57.9,31.11,67.5,6.56,102.44,Peanut,Pulses & Legumes
58.88,61.07,54.55,18.54,79.97,7.36,63.02,Mint,Spices & Herbs
65.58,31.29,38.77,24.15,85.37,5.88,161.66,Vanilla,Cash Crops
68.21,46.59,71.32,29.26,80.51,6.68,97.09,Ridgegourd,Vegetables
53.53,47.28,53.83,24.71,65.23,6.28,111.0,Persimmon,Fruits
30.7,36.9,58.46,28.45,69.98,7.04,83.39,Moringa,Plantation Crops
99.0,80.28,103.72,20.33,58.27,7.18,49.08,Broccoli,Vegetables
45.89,35.98,34.52,24.91,66.51,6.92,53.42,Fenugreek,Spices & Herbs
63.19,48.31,44.8,21.86,78.14,6.28,165.14,Black Pepper,Cash Crops
70.72,35.74,45.84,8.06,49.03,7.62,83.4,Barley,Cereals & Grains
28.29,38.83,58.35,17.29,72.25,8.1,69.92,Berseem,Fodder Crops
25.14,30.86,29.43,26.42,29.79,5.58,48.89,Moth Bean,Pulses & Legumes
32.9,56.25,47.6,9.7,71.51,6.58,49.1,Peas,Pulses & Legumes
17.25,41.92,49.72,19.54,45.1,6.13,58.75,Lentil,Pulses & Legumes
59.33,65.62,79.85,24.28,81.78,5.9,103.49,Mint,Spices & Herbs
74.46,66.17,73.47,20.68,65.3,6.75,51.72,Capsicum,Vegetables
84.33,49.33,70.11,18.16,85.13,6.82,186.35,Cocoa,Plantation Crops
84.17,60.52,76.56,15.29,67.74,7.14,119.22,Pear,Fruits
81.03,43.37,58.07,17.73,68.28,6.8,118.63,Grapefruit,Fruits
85.27,48.2,86.4,13.46,68.2,6.95,39.16,Celery,Spices & Herbs
89.51,51.97,77.5,21.9,76.03,6.75,147.64,Longan,Fruits
76.75,41.86,43.59,11.89,58.66,5.75,66.1,Oats,Cereals & Grains
67.49,55.83,90.22,22.79,79.51,5.75,133.92,Coffee,Cash Crops
83.59,46.95,62.02,27.78,68.1,7.41,51.4,Okra,Vegetables
95.74,67.01,63.73,29.9,77.1,7.09,148.62,Papaya,Fruits
63.57,47.7,91.18,20.27,79.45,6.52,127.1,Kiwi,Fruits
104.78,108.84,119.8,19.83,74.76,6.39,88.68,Potato,Vegetables
105.74,57.57,152.39,26.92,69.08,6.57,112.05,Banana,Fruits
58.69,55.6,80.3,21.41,72.11,6.04,155.46,Pineapple,Fruits
47.02,50.21,35.06,19.53,63.54,7.75,39.13,Fennel,Spices & Herbs
31.99,23.6,18.93,25.49,33.44,6.97,38.97,Ajwain,Spices & Herbs
29.01,25.04,31.81,28.2,70.86,6.07,60.45,Fennel,Spices & Herbs
80.52,78.85,90.18,18.3,55.94,6.36,76.43,Brussels Sprouts,Vegetables
29.63,60.34,42.51,18.41,40.27,5.93,46.85,Lentil,Pulses & Legumes
52.26,31.42,58.23,11.59,64.49,6.51,51.21,Radish,Vegetables
